{"eval/runtime":3.4323,"_wandb":{"runtime":614},"_step":26,"train_loss":0.35453606832430556,"eval/loss":0.13580429553985596,"train/epoch":3,"train_runtime":468.652,"total_flos":8.913369682280448e+15,"train/loss":0.13443655967712403,"train_steps_per_second":0.442,"train/global_step":207,"eval/steps_per_second":4.953,"train/learning_rate":4.55756592088058e-07,"train_samples_per_second":7.041,"_timestamp":1.7834354776116815e+09,"train/grad_norm":0.15799587965011597,"_runtime":614,"eval/samples_per_second":19.812}