{"train_steps_per_second":0.445,"train_loss":0.31363443188045337,"eval/runtime":3.4626,"eval/loss":0.1357215940952301,"train/epoch":3,"train/loss":0.13388632535934447,"train_samples_per_second":7.101,"eval/steps_per_second":4.91,"_timestamp":1.78343475586063e+09,"_runtime":602,"train_runtime":464.7481,"_wandb":{"runtime":602},"train/global_step":207,"eval/samples_per_second":19.639,"total_flos":8.913369682280448e+15,"_step":26,"train/learning_rate":4.55756592088058e-07,"train/grad_norm":0.14772413671016693}