{"_wandb":{"runtime":602},"train/epoch":3,"train_steps_per_second":0.443,"train/loss":0.1343701124191284,"eval/samples_per_second":19.533,"train_samples_per_second":7.058,"train/grad_norm":0.1555410623550415,"_runtime":602,"eval/steps_per_second":4.883,"train/global_step":207,"eval/runtime":3.4813,"train_loss":0.3710353789122208,"eval/loss":0.13561411201953888,"train_runtime":467.5234,"_step":26,"_timestamp":1.7834281633947046e+09,"total_flos":8.913369682280448e+15,"train/learning_rate":4.55756592088058e-07}