{"train_steps_per_second":0.605,"_wandb":{"runtime":203},"train/grad_norm":0.5548940896987915,"eval/steps_per_second":8.58,"_runtime":203,"eval/samples_per_second":32.415,"train_loss":0.7407461377707395,"train/learning_rate":8.002055634117578e-06,"train_runtime":72.7219,"train/global_step":44,"_step":6,"train_samples_per_second":9.351,"train/epoch":2,"train/loss":0.3812669515609741,"_timestamp":1.7834341509977963e+09,"total_flos":1.71751489536e+15,"eval/runtime":1.0489,"eval/loss":0.3611643612384796}