{"train_steps_per_second":0.443,"train/learning_rate":4.55756592088058e-07,"train/loss":0.1343701124191284,"eval/runtime":3.4668,"_timestamp":1.7834307260416894e+09,"total_flos":8.913369682280448e+15,"train/global_step":207,"train/epoch":3,"train_runtime":467.6644,"eval/samples_per_second":19.615,"_runtime":602,"eval/loss":0.13561411201953888,"_step":26,"train_loss":0.3710353789122208,"eval/steps_per_second":4.904,"_wandb":{"runtime":602},"train_samples_per_second":7.056,"train/grad_norm":0.1555410623550415}